MPIN,Name,Last Seen(Time),Last Seen(Place),Contact,Additional information,Picture path
TN1,Kylie Jenner,22-10-2020,Kanchipuram,99009900,Hallucinates as the president,MPIN_pictures\TN1.jpg
TN2,Kanye West,,,,,MPIN_pictures\TN2.jpg
TN3,Roger Federer,,,,,MPIN_pictures\TN3.jpg
TN4,Cristiano Ronaldo,,,,,MPIN_pictures\TN4.jpg
TN5,Lionel Messi,,,,,MPIN_pictures\TN5.jpg
TN6,Tyler Perry,,,,,MPIN_pictures\TN6.jpg
TN7,Neymar,,,,,MPIN_pictures\TN7.jpg
TN8,Howard Stern,,,,,MPIN_pictures\TN8.jpg
TN9,LeBron James,,,,,MPIN_pictures\TN9.jpg
TN10,Dwayne Johnson,,,,,MPIN_pictures\TN10.jpg
TN11,Taylor Swift,,,,,MPIN_pictures\TN11.jpg
TN12,Vijay,10:15 29/10/2015,Chennai,"9933002200, Ram",Last seen near chennai central,MPIN_pictures\TN12.jpg
TN13,Shahrukh Khan,Chennai,9am,Ramraju,Near Chennai central,MPIN_pictures\TN13.jpg

